[{"model": "admin.logentry", "pk": 1, "fields": {"action_time": "2020-11-01T18:46:24.931Z", "user": 1, "content_type": 7, "object_id": "1", "object_repr": "herbatki", "action_flag": 1, "change_message": "[{\"added\": {}}]"}}, {"model": "admin.logentry", "pk": 2, "fields": {"action_time": "2020-11-01T18:47:08.166Z", "user": 1, "content_type": 8, "object_id": "1", "object_repr": "zielona_herbata", "action_flag": 1, "change_message": "[{\"added\": {}}]"}}, {"model": "admin.logentry", "pk": 3, "fields": {"action_time": "2020-11-01T18:47:34.615Z", "user": 1, "content_type": 8, "object_id": "2", "object_repr": "czarna herbatka", "action_flag": 1, "change_message": "[{\"added\": {}}]"}}, {"model": "admin.logentry", "pk": 4, "fields": {"action_time": "2020-11-04T16:07:51.069Z", "user": 1, "content_type": 8, "object_id": "3", "object_repr": "czerwona herbatka", "action_flag": 1, "change_message": "[{\"added\": {}}]"}}, {"model": "admin.logentry", "pk": 5, "fields": {"action_time": "2020-11-06T13:13:32.302Z", "user": 1, "content_type": 8, "object_id": "4", "object_repr": "zolta_herbatka", "action_flag": 1, "change_message": "[{\"added\": {}}]"}}, {"model": "admin.logentry", "pk": 6, "fields": {"action_time": "2021-02-02T16:52:56.054Z", "user": 2, "content_type": 12, "object_id": "1", "object_repr": "Warszawa", "action_flag": 1, "change_message": "[{\"added\": {}}]"}}, {"model": "admin.logentry", "pk": 7, "fields": {"action_time": "2021-02-02T16:53:01.183Z", "user": 2, "content_type": 11, "object_id": "1", "object_repr": "Polska", "action_flag": 1, "change_message": "[{\"added\": {}}]"}}, {"model": "admin.logentry", "pk": 8, "fields": {"action_time": "2021-02-02T16:53:05.416Z", "user": 2, "content_type": 9, "object_id": "1", "object_repr": "Aviation", "action_flag": 1, "change_message": "[{\"added\": {}}]"}}, {"model": "admin.logentry", "pk": 9, "fields": {"action_time": "2021-02-02T16:53:11.302Z", "user": 2, "content_type": 10, "object_id": "1", "object_repr": "Projektowanie", "action_flag": 1, "change_message": "[{\"added\": {}}]"}}, {"model": "admin.logentry", "pk": 10, "fields": {"action_time": "2021-02-02T16:53:24.004Z", "user": 2, "content_type": 13, "object_id": "1", "object_repr": "Lista object (1)", "action_flag": 1, "change_message": "[{\"added\": {}}]"}}, {"model": "admin.logentry", "pk": 11, "fields": {"action_time": "2021-02-02T18:39:36.320Z", "user": 2, "content_type": 13, "object_id": "1", "object_repr": "Lista object (1)", "action_flag": 2, "change_message": "[{\"changed\": {\"fields\": [\"Wyskosc\", \"Szerokosc\"]}}]"}}, {"model": "admin.logentry", "pk": 12, "fields": {"action_time": "2021-02-02T18:39:50.215Z", "user": 2, "content_type": 13, "object_id": "1", "object_repr": "Lista object (1)", "action_flag": 2, "change_message": "[{\"changed\": {\"fields\": [\"Logo\"]}}]"}}, {"model": "admin.logentry", "pk": 13, "fields": {"action_time": "2021-02-02T18:43:35.451Z", "user": 2, "content_type": 12, "object_id": "2", "object_repr": "Rzeszow", "action_flag": 1, "change_message": "[{\"added\": {}}]"}}, {"model": "admin.logentry", "pk": 14, "fields": {"action_time": "2021-02-02T18:44:28.176Z", "user": 2, "content_type": 13, "object_id": "2", "object_repr": "Lista object (2)", "action_flag": 1, "change_message": "[{\"added\": {}}]"}}, {"model": "admin.logentry", "pk": 15, "fields": {"action_time": "2021-02-02T18:48:10.900Z", "user": 2, "content_type": 13, "object_id": "3", "object_repr": "Lista object (3)", "action_flag": 1, "change_message": "[{\"added\": {}}]"}}, {"model": "admin.logentry", "pk": 16, "fields": {"action_time": "2021-02-02T18:51:26.362Z", "user": 2, "content_type": 9, "object_id": "2", "object_repr": "Automotive", "action_flag": 1, "change_message": "[{\"added\": {}}]"}}, {"model": "admin.logentry", "pk": 17, "fields": {"action_time": "2021-02-02T18:51:41.726Z", "user": 2, "content_type": 13, "object_id": "4", "object_repr": "Lista object (4)", "action_flag": 1, "change_message": "[{\"added\": {}}]"}}, {"model": "admin.logentry", "pk": 18, "fields": {"action_time": "2021-02-02T18:56:54.644Z", "user": 2, "content_type": 10, "object_id": "2", "object_repr": "Serwis", "action_flag": 1, "change_message": "[{\"added\": {}}]"}}, {"model": "admin.logentry", "pk": 19, "fields": {"action_time": "2021-02-02T18:56:58.573Z", "user": 2, "content_type": 13, "object_id": "5", "object_repr": "Lista object (5)", "action_flag": 1, "change_message": "[{\"added\": {}}]"}}, {"model": "admin.logentry", "pk": 20, "fields": {"action_time": "2021-02-03T19:01:12.455Z", "user": 2, "content_type": 12, "object_id": "3", "object_repr": "Grodzisk Mazowiecki", "action_flag": 1, "change_message": "[{\"added\": {}}]"}}, {"model": "admin.logentry", "pk": 21, "fields": {"action_time": "2021-02-03T19:01:50.880Z", "user": 2, "content_type": 9, "object_id": "3", "object_repr": "Production", "action_flag": 1, "change_message": "[{\"added\": {}}]"}}, {"model": "admin.logentry", "pk": 22, "fields": {"action_time": "2021-02-03T19:02:46.360Z", "user": 2, "content_type": 13, "object_id": "6", "object_repr": "Lista object (6)", "action_flag": 1, "change_message": "[{\"added\": {}}]"}}, {"model": "admin.logentry", "pk": 23, "fields": {"action_time": "2021-02-03T19:05:17.760Z", "user": 2, "content_type": 13, "object_id": "7", "object_repr": "Lista object (7)", "action_flag": 1, "change_message": "[{\"added\": {}}]"}}, {"model": "admin.logentry", "pk": 24, "fields": {"action_time": "2021-02-05T08:20:13.302Z", "user": 2, "content_type": 12, "object_id": "4", "object_repr": "Olsztyn", "action_flag": 1, "change_message": "[{\"added\": {}}]"}}, {"model": "admin.logentry", "pk": 25, "fields": {"action_time": "2021-02-05T08:21:12.846Z", "user": 2, "content_type": 9, "object_id": "4", "object_repr": "photovoltaics", "action_flag": 1, "change_message": "[{\"added\": {}}]"}}, {"model": "admin.logentry", "pk": 26, "fields": {"action_time": "2021-02-05T08:21:20.150Z", "user": 2, "content_type": 9, "object_id": "4", "object_repr": "Photovoltaics", "action_flag": 2, "change_message": "[{\"changed\": {\"fields\": [\"Branza\"]}}]"}}, {"model": "admin.logentry", "pk": 27, "fields": {"action_time": "2021-02-05T08:23:37.098Z", "user": 2, "content_type": 13, "object_id": "8", "object_repr": "Lista object (8)", "action_flag": 1, "change_message": "[{\"added\": {}}]"}}, {"model": "admin.logentry", "pk": 28, "fields": {"action_time": "2021-02-05T08:46:49.294Z", "user": 2, "content_type": 9, "object_id": "5", "object_repr": "Maszyny", "action_flag": 1, "change_message": "[{\"added\": {}}]"}}, {"model": "admin.logentry", "pk": 29, "fields": {"action_time": "2021-02-05T08:47:40.313Z", "user": 2, "content_type": 13, "object_id": "9", "object_repr": "Lista object (9)", "action_flag": 1, "change_message": "[{\"added\": {}}]"}}, {"model": "admin.logentry", "pk": 30, "fields": {"action_time": "2021-02-05T08:52:19.507Z", "user": 2, "content_type": 9, "object_id": "1", "object_repr": "Lotnictwo", "action_flag": 2, "change_message": "[{\"changed\": {\"fields\": [\"Branza\"]}}]"}}, {"model": "admin.logentry", "pk": 31, "fields": {"action_time": "2021-02-05T08:52:32.346Z", "user": 2, "content_type": 9, "object_id": "2", "object_repr": "Motoryzacja", "action_flag": 2, "change_message": "[{\"changed\": {\"fields\": [\"Branza\"]}}]"}}, {"model": "admin.logentry", "pk": 32, "fields": {"action_time": "2021-02-05T08:52:38.988Z", "user": 2, "content_type": 9, "object_id": "3", "object_repr": "Produkcja", "action_flag": 2, "change_message": "[{\"changed\": {\"fields\": [\"Branza\"]}}]"}}, {"model": "admin.logentry", "pk": 33, "fields": {"action_time": "2021-02-05T08:52:49.640Z", "user": 2, "content_type": 9, "object_id": "4", "object_repr": "Fotowoltaika", "action_flag": 2, "change_message": "[{\"changed\": {\"fields\": [\"Branza\"]}}]"}}, {"model": "admin.logentry", "pk": 34, "fields": {"action_time": "2021-02-05T08:52:58.455Z", "user": 2, "content_type": 9, "object_id": "6", "object_repr": "Kosmos", "action_flag": 1, "change_message": "[{\"added\": {}}]"}}, {"model": "admin.logentry", "pk": 35, "fields": {"action_time": "2021-02-05T08:53:07.145Z", "user": 2, "content_type": 12, "object_id": "5", "object_repr": "Krakow", "action_flag": 1, "change_message": "[{\"added\": {}}]"}}, {"model": "admin.logentry", "pk": 36, "fields": {"action_time": "2021-02-05T08:55:13.726Z", "user": 2, "content_type": 10, "object_id": "3", "object_repr": "Satelity", "action_flag": 1, "change_message": "[{\"added\": {}}]"}}, {"model": "admin.logentry", "pk": 37, "fields": {"action_time": "2021-02-05T08:56:14.717Z", "user": 2, "content_type": 13, "object_id": "10", "object_repr": "Lista object (10)", "action_flag": 1, "change_message": "[{\"added\": {}}]"}}, {"model": "admin.logentry", "pk": 38, "fields": {"action_time": "2021-02-05T08:58:30.657Z", "user": 2, "content_type": 12, "object_id": "6", "object_repr": "Tarnow", "action_flag": 1, "change_message": "[{\"added\": {}}]"}}, {"model": "admin.logentry", "pk": 39, "fields": {"action_time": "2021-02-05T08:58:47.750Z", "user": 2, "content_type": 9, "object_id": "7", "object_repr": "Budownictwo", "action_flag": 1, "change_message": "[{\"added\": {}}]"}}, {"model": "admin.logentry", "pk": 40, "fields": {"action_time": "2021-02-05T09:01:01.745Z", "user": 2, "content_type": 10, "object_id": "4", "object_repr": "Konstrukcje", "action_flag": 1, "change_message": "[{\"added\": {}}]"}}, {"model": "admin.logentry", "pk": 41, "fields": {"action_time": "2021-02-05T09:01:47.097Z", "user": 2, "content_type": 13, "object_id": "11", "object_repr": "Lista object (11)", "action_flag": 1, "change_message": "[{\"added\": {}}]"}}, {"model": "admin.logentry", "pk": 42, "fields": {"action_time": "2021-02-05T09:02:26.288Z", "user": 2, "content_type": 13, "object_id": "11", "object_repr": "Lista object (11)", "action_flag": 2, "change_message": "[{\"changed\": {\"fields\": [\"Wyskosc\", \"Szerokosc\"]}}]"}}, {"model": "admin.logentry", "pk": 43, "fields": {"action_time": "2021-02-05T09:06:08.269Z", "user": 2, "content_type": 12, "object_id": "7", "object_repr": "Gostyn", "action_flag": 1, "change_message": "[{\"added\": {}}]"}}, {"model": "admin.logentry", "pk": 44, "fields": {"action_time": "2021-02-05T09:06:26.326Z", "user": 2, "content_type": 9, "object_id": "8", "object_repr": "Automatyka przemyslowa", "action_flag": 1, "change_message": "[{\"added\": {}}]"}}, {"model": "admin.logentry", "pk": 45, "fields": {"action_time": "2021-02-05T09:06:58.664Z", "user": 2, "content_type": 13, "object_id": "12", "object_repr": "Lista object (12)", "action_flag": 1, "change_message": "[{\"added\": {}}]"}}, {"model": "admin.logentry", "pk": 46, "fields": {"action_time": "2021-02-05T09:10:22.487Z", "user": 2, "content_type": 9, "object_id": "9", "object_repr": "Robotyka", "action_flag": 1, "change_message": "[{\"added\": {}}]"}}, {"model": "admin.logentry", "pk": 47, "fields": {"action_time": "2021-02-05T09:10:44.378Z", "user": 2, "content_type": 13, "object_id": "13", "object_repr": "Lista object (13)", "action_flag": 1, "change_message": "[{\"added\": {}}]"}}, {"model": "admin.logentry", "pk": 48, "fields": {"action_time": "2021-02-05T09:13:20.373Z", "user": 2, "content_type": 9, "object_id": "10", "object_repr": "Digital", "action_flag": 1, "change_message": "[{\"added\": {}}]"}}, {"model": "admin.logentry", "pk": 49, "fields": {"action_time": "2021-02-05T09:13:34.908Z", "user": 2, "content_type": 10, "object_id": "5", "object_repr": "IT", "action_flag": 1, "change_message": "[{\"added\": {}}]"}}, {"model": "admin.logentry", "pk": 50, "fields": {"action_time": "2021-02-05T09:13:40.700Z", "user": 2, "content_type": 13, "object_id": "14", "object_repr": "Lista object (14)", "action_flag": 1, "change_message": "[{\"added\": {}}]"}}, {"model": "admin.logentry", "pk": 51, "fields": {"action_time": "2021-02-05T09:15:32.822Z", "user": 2, "content_type": 10, "object_id": "6", "object_repr": "Ceramika", "action_flag": 1, "change_message": "[{\"added\": {}}]"}}, {"model": "admin.logentry", "pk": 52, "fields": {"action_time": "2021-02-05T09:15:47.753Z", "user": 2, "content_type": 12, "object_id": "8", "object_repr": "Gliwice", "action_flag": 1, "change_message": "[{\"added\": {}}]"}}, {"model": "admin.logentry", "pk": 53, "fields": {"action_time": "2021-02-05T09:16:10.690Z", "user": 2, "content_type": 13, "object_id": "15", "object_repr": "Lista object (15)", "action_flag": 1, "change_message": "[{\"added\": {}}]"}}, {"model": "admin.logentry", "pk": 54, "fields": {"action_time": "2021-02-05T09:18:22.396Z", "user": 2, "content_type": 10, "object_id": "7", "object_repr": "Akumulatory", "action_flag": 1, "change_message": "[{\"added\": {}}]"}}, {"model": "admin.logentry", "pk": 55, "fields": {"action_time": "2021-02-05T09:19:20.724Z", "user": 2, "content_type": 13, "object_id": "16", "object_repr": "Lista object (16)", "action_flag": 1, "change_message": "[{\"added\": {}}]"}}, {"model": "admin.logentry", "pk": 56, "fields": {"action_time": "2021-02-05T09:20:22.107Z", "user": 2, "content_type": 13, "object_id": "16", "object_repr": "Lista object (16)", "action_flag": 2, "change_message": "[{\"changed\": {\"fields\": [\"Wyskosc\", \"Szerokosc\"]}}]"}}, {"model": "admin.logentry", "pk": 57, "fields": {"action_time": "2021-02-05T09:22:29.895Z", "user": 2, "content_type": 12, "object_id": "9", "object_repr": "Stuttgart", "action_flag": 1, "change_message": "[{\"added\": {}}]"}}, {"model": "admin.logentry", "pk": 58, "fields": {"action_time": "2021-02-05T09:22:35.519Z", "user": 2, "content_type": 11, "object_id": "2", "object_repr": "Niemcy", "action_flag": 1, "change_message": "[{\"added\": {}}]"}}, {"model": "admin.logentry", "pk": 59, "fields": {"action_time": "2021-02-05T09:22:53.928Z", "user": 2, "content_type": 10, "object_id": "8", "object_repr": "3D druk", "action_flag": 1, "change_message": "[{\"added\": {}}]"}}, {"model": "admin.logentry", "pk": 60, "fields": {"action_time": "2021-02-05T09:23:24.287Z", "user": 2, "content_type": 13, "object_id": "17", "object_repr": "Lista object (17)", "action_flag": 1, "change_message": "[{\"added\": {}}]"}}, {"model": "admin.logentry", "pk": 61, "fields": {"action_time": "2021-02-05T09:29:06.218Z", "user": 2, "content_type": 12, "object_id": "10", "object_repr": "Katowice", "action_flag": 1, "change_message": "[{\"added\": {}}]"}}, {"model": "admin.logentry", "pk": 62, "fields": {"action_time": "2021-02-05T09:30:33.659Z", "user": 2, "content_type": 13, "object_id": "18", "object_repr": "Lista object (18)", "action_flag": 1, "change_message": "[{\"added\": {}}]"}}, {"model": "admin.logentry", "pk": 63, "fields": {"action_time": "2021-02-05T09:33:35.179Z", "user": 2, "content_type": 13, "object_id": "19", "object_repr": "Lista object (19)", "action_flag": 1, "change_message": "[{\"added\": {}}]"}}, {"model": "admin.logentry", "pk": 64, "fields": {"action_time": "2021-02-05T09:36:20.035Z", "user": 2, "content_type": 13, "object_id": "20", "object_repr": "Lista object (20)", "action_flag": 1, "change_message": "[{\"added\": {}}]"}}, {"model": "admin.logentry", "pk": 65, "fields": {"action_time": "2021-02-05T09:38:48.126Z", "user": 2, "content_type": 12, "object_id": "11", "object_repr": "Wronki", "action_flag": 1, "change_message": "[{\"added\": {}}]"}}, {"model": "admin.logentry", "pk": 66, "fields": {"action_time": "2021-02-05T09:39:26.523Z", "user": 2, "content_type": 13, "object_id": "21", "object_repr": "Lista object (21)", "action_flag": 1, "change_message": "[{\"added\": {}}]"}}, {"model": "admin.logentry", "pk": 67, "fields": {"action_time": "2021-02-05T09:41:04.486Z", "user": 2, "content_type": 12, "object_id": "12", "object_repr": "Poznan", "action_flag": 1, "change_message": "[{\"added\": {}}]"}}, {"model": "admin.logentry", "pk": 68, "fields": {"action_time": "2021-02-05T09:41:44.798Z", "user": 2, "content_type": 13, "object_id": "22", "object_repr": "Lista object (22)", "action_flag": 1, "change_message": "[{\"added\": {}}]"}}, {"model": "admin.logentry", "pk": 69, "fields": {"action_time": "2021-02-05T09:43:44.480Z", "user": 2, "content_type": 12, "object_id": "13", "object_repr": "Grojec", "action_flag": 1, "change_message": "[{\"added\": {}}]"}}, {"model": "admin.logentry", "pk": 70, "fields": {"action_time": "2021-02-05T09:44:50.597Z", "user": 2, "content_type": 13, "object_id": "23", "object_repr": "Lista object (23)", "action_flag": 1, "change_message": "[{\"added\": {}}]"}}, {"model": "admin.logentry", "pk": 71, "fields": {"action_time": "2021-02-05T14:26:35.876Z", "user": 2, "content_type": 10, "object_id": "9", "object_repr": "Samochody", "action_flag": 1, "change_message": "[{\"added\": {}}]"}}, {"model": "admin.logentry", "pk": 72, "fields": {"action_time": "2021-02-05T14:26:58.311Z", "user": 2, "content_type": 13, "object_id": "24", "object_repr": "Lista object (24)", "action_flag": 1, "change_message": "[{\"added\": {}}]"}}, {"model": "admin.logentry", "pk": 73, "fields": {"action_time": "2021-02-05T14:30:10.256Z", "user": 2, "content_type": 10, "object_id": "10", "object_repr": "Autobusy", "action_flag": 1, "change_message": "[{\"added\": {}}]"}}, {"model": "admin.logentry", "pk": 74, "fields": {"action_time": "2021-02-05T14:30:33.582Z", "user": 2, "content_type": 13, "object_id": "25", "object_repr": "Lista object (25)", "action_flag": 1, "change_message": "[{\"added\": {}}]"}}, {"model": "admin.logentry", "pk": 75, "fields": {"action_time": "2021-02-05T14:38:22.425Z", "user": 2, "content_type": 9, "object_id": "5", "object_repr": "Budowa maszyn", "action_flag": 2, "change_message": "[{\"changed\": {\"fields\": [\"Branza\"]}}]"}}, {"model": "admin.logentry", "pk": 76, "fields": {"action_time": "2021-02-05T14:40:23.910Z", "user": 2, "content_type": 9, "object_id": "11", "object_repr": "Wszystkie", "action_flag": 1, "change_message": "[{\"added\": {}}]"}}, {"model": "admin.logentry", "pk": 77, "fields": {"action_time": "2021-02-05T14:41:39.201Z", "user": 2, "content_type": 9, "object_id": "11", "object_repr": "--Wszystkie---", "action_flag": 2, "change_message": "[{\"changed\": {\"fields\": [\"Branza\"]}}]"}}, {"model": "admin.logentry", "pk": 78, "fields": {"action_time": "2021-02-05T14:54:16.610Z", "user": 2, "content_type": 11, "object_id": "3", "object_repr": "--Wszystkie--", "action_flag": 1, "change_message": "[{\"added\": {}}]"}}, {"model": "admin.logentry", "pk": 79, "fields": {"action_time": "2021-02-05T17:25:14.531Z", "user": 2, "content_type": 13, "object_id": "4", "object_repr": "Lista object (4)", "action_flag": 2, "change_message": "[{\"changed\": {\"fields\": [\"Branza\"]}}]"}}, {"model": "auth.permission", "pk": 1, "fields": {"name": "Can add log entry", "content_type": 1, "codename": "add_logentry"}}, {"model": "auth.permission", "pk": 2, "fields": {"name": "Can change log entry", "content_type": 1, "codename": "change_logentry"}}, {"model": "auth.permission", "pk": 3, "fields": {"name": "Can delete log entry", "content_type": 1, "codename": "delete_logentry"}}, {"model": "auth.permission", "pk": 4, "fields": {"name": "Can view log entry", "content_type": 1, "codename": "view_logentry"}}, {"model": "auth.permission", "pk": 5, "fields": {"name": "Can add permission", "content_type": 2, "codename": "add_permission"}}, {"model": "auth.permission", "pk": 6, "fields": {"name": "Can change permission", "content_type": 2, "codename": "change_permission"}}, {"model": "auth.permission", "pk": 7, "fields": {"name": "Can delete permission", "content_type": 2, "codename": "delete_permission"}}, {"model": "auth.permission", "pk": 8, "fields": {"name": "Can view permission", "content_type": 2, "codename": "view_permission"}}, {"model": "auth.permission", "pk": 9, "fields": {"name": "Can add group", "content_type": 3, "codename": "add_group"}}, {"model": "auth.permission", "pk": 10, "fields": {"name": "Can change group", "content_type": 3, "codename": "change_group"}}, {"model": "auth.permission", "pk": 11, "fields": {"name": "Can delete group", "content_type": 3, "codename": "delete_group"}}, {"model": "auth.permission", "pk": 12, "fields": {"name": "Can view group", "content_type": 3, "codename": "view_group"}}, {"model": "auth.permission", "pk": 13, "fields": {"name": "Can add user", "content_type": 4, "codename": "add_user"}}, {"model": "auth.permission", "pk": 14, "fields": {"name": "Can change user", "content_type": 4, "codename": "change_user"}}, {"model": "auth.permission", "pk": 15, "fields": {"name": "Can delete user", "content_type": 4, "codename": "delete_user"}}, {"model": "auth.permission", "pk": 16, "fields": {"name": "Can view user", "content_type": 4, "codename": "view_user"}}, {"model": "auth.permission", "pk": 17, "fields": {"name": "Can add content type", "content_type": 5, "codename": "add_contenttype"}}, {"model": "auth.permission", "pk": 18, "fields": {"name": "Can change content type", "content_type": 5, "codename": "change_contenttype"}}, {"model": "auth.permission", "pk": 19, "fields": {"name": "Can delete content type", "content_type": 5, "codename": "delete_contenttype"}}, {"model": "auth.permission", "pk": 20, "fields": {"name": "Can view content type", "content_type": 5, "codename": "view_contenttype"}}, {"model": "auth.permission", "pk": 21, "fields": {"name": "Can add session", "content_type": 6, "codename": "add_session"}}, {"model": "auth.permission", "pk": 22, "fields": {"name": "Can change session", "content_type": 6, "codename": "change_session"}}, {"model": "auth.permission", "pk": 23, "fields": {"name": "Can delete session", "content_type": 6, "codename": "delete_session"}}, {"model": "auth.permission", "pk": 24, "fields": {"name": "Can view session", "content_type": 6, "codename": "view_session"}}, {"model": "auth.permission", "pk": 25, "fields": {"name": "Can add category", "content_type": 7, "codename": "add_category"}}, {"model": "auth.permission", "pk": 26, "fields": {"name": "Can change category", "content_type": 7, "codename": "change_category"}}, {"model": "auth.permission", "pk": 27, "fields": {"name": "Can delete category", "content_type": 7, "codename": "delete_category"}}, {"model": "auth.permission", "pk": 28, "fields": {"name": "Can view category", "content_type": 7, "codename": "view_category"}}, {"model": "auth.permission", "pk": 29, "fields": {"name": "Can add product", "content_type": 8, "codename": "add_product"}}, {"model": "auth.permission", "pk": 30, "fields": {"name": "Can change product", "content_type": 8, "codename": "change_product"}}, {"model": "auth.permission", "pk": 31, "fields": {"name": "Can delete product", "content_type": 8, "codename": "delete_product"}}, {"model": "auth.permission", "pk": 32, "fields": {"name": "Can view product", "content_type": 8, "codename": "view_product"}}, {"model": "auth.permission", "pk": 33, "fields": {"name": "Can add branza", "content_type": 9, "codename": "add_branza"}}, {"model": "auth.permission", "pk": 34, "fields": {"name": "Can change branza", "content_type": 9, "codename": "change_branza"}}, {"model": "auth.permission", "pk": 35, "fields": {"name": "Can delete branza", "content_type": 9, "codename": "delete_branza"}}, {"model": "auth.permission", "pk": 36, "fields": {"name": "Can view branza", "content_type": 9, "codename": "view_branza"}}, {"model": "auth.permission", "pk": 37, "fields": {"name": "Can add branza_sub", "content_type": 10, "codename": "add_branza_sub"}}, {"model": "auth.permission", "pk": 38, "fields": {"name": "Can change branza_sub", "content_type": 10, "codename": "change_branza_sub"}}, {"model": "auth.permission", "pk": 39, "fields": {"name": "Can delete branza_sub", "content_type": 10, "codename": "delete_branza_sub"}}, {"model": "auth.permission", "pk": 40, "fields": {"name": "Can view branza_sub", "content_type": 10, "codename": "view_branza_sub"}}, {"model": "auth.permission", "pk": 41, "fields": {"name": "Can add kraj", "content_type": 11, "codename": "add_kraj"}}, {"model": "auth.permission", "pk": 42, "fields": {"name": "Can change kraj", "content_type": 11, "codename": "change_kraj"}}, {"model": "auth.permission", "pk": 43, "fields": {"name": "Can delete kraj", "content_type": 11, "codename": "delete_kraj"}}, {"model": "auth.permission", "pk": 44, "fields": {"name": "Can view kraj", "content_type": 11, "codename": "view_kraj"}}, {"model": "auth.permission", "pk": 45, "fields": {"name": "Can add miasto", "content_type": 12, "codename": "add_miasto"}}, {"model": "auth.permission", "pk": 46, "fields": {"name": "Can change miasto", "content_type": 12, "codename": "change_miasto"}}, {"model": "auth.permission", "pk": 47, "fields": {"name": "Can delete miasto", "content_type": 12, "codename": "delete_miasto"}}, {"model": "auth.permission", "pk": 48, "fields": {"name": "Can view miasto", "content_type": 12, "codename": "view_miasto"}}, {"model": "auth.permission", "pk": 49, "fields": {"name": "Can add lista", "content_type": 13, "codename": "add_lista"}}, {"model": "auth.permission", "pk": 50, "fields": {"name": "Can change lista", "content_type": 13, "codename": "change_lista"}}, {"model": "auth.permission", "pk": 51, "fields": {"name": "Can delete lista", "content_type": 13, "codename": "delete_lista"}}, {"model": "auth.permission", "pk": 52, "fields": {"name": "Can view lista", "content_type": 13, "codename": "view_lista"}}, {"model": "auth.user", "pk": 1, "fields": {"password": "pbkdf2_sha256$216000$O7MgxeAMxDws$YMbgljLcLuJgyNWR61KN1/PHfyD39W6a5Yce5gO4u9s=", "last_login": "2020-11-01T18:46:19.571Z", "is_superuser": true, "username": "wojtek", "first_name": "", "last_name": "", "email": "", "is_staff": true, "is_active": true, "date_joined": "2020-11-01T18:45:54.802Z", "groups": [], "user_permissions": []}}, {"model": "auth.user", "pk": 2, "fields": {"password": "pbkdf2_sha256$216000$Q6ShurjJ81BH$3gfrTllSXdpNc6AZ2hSGQl/ml3yf9fOXpx1OPnzNfJM=", "last_login": "2021-02-02T16:52:33.296Z", "is_superuser": true, "username": "wojtek2", "first_name": "", "last_name": "", "email": "", "is_staff": true, "is_active": true, "date_joined": "2021-02-02T16:52:15.438Z", "groups": [], "user_permissions": []}}, {"model": "contenttypes.contenttype", "pk": 1, "fields": {"app_label": "admin", "model": "logentry"}}, {"model": "contenttypes.contenttype", "pk": 2, "fields": {"app_label": "auth", "model": "permission"}}, {"model": "contenttypes.contenttype", "pk": 3, "fields": {"app_label": "auth", "model": "group"}}, {"model": "contenttypes.contenttype", "pk": 4, "fields": {"app_label": "auth", "model": "user"}}, {"model": "contenttypes.contenttype", "pk": 5, "fields": {"app_label": "contenttypes", "model": "contenttype"}}, {"model": "contenttypes.contenttype", "pk": 6, "fields": {"app_label": "sessions", "model": "session"}}, {"model": "contenttypes.contenttype", "pk": 7, "fields": {"app_label": "shop", "model": "category"}}, {"model": "contenttypes.contenttype", "pk": 8, "fields": {"app_label": "shop", "model": "product"}}, {"model": "contenttypes.contenttype", "pk": 9, "fields": {"app_label": "database", "model": "branza"}}, {"model": "contenttypes.contenttype", "pk": 10, "fields": {"app_label": "database", "model": "branza_sub"}}, {"model": "contenttypes.contenttype", "pk": 11, "fields": {"app_label": "database", "model": "kraj"}}, {"model": "contenttypes.contenttype", "pk": 12, "fields": {"app_label": "database", "model": "miasto"}}, {"model": "contenttypes.contenttype", "pk": 13, "fields": {"app_label": "database", "model": "lista"}}, {"model": "sessions.session", "pk": "0jzzvdhzwi24tzmpkdxq91hf6kiggiff", "fields": {"session_data": ".eJyrVkpOLCpRsqpWMgIRhaWJeSWZJZVKVoY6SgVFmcmpSlZKRqYGegYGSrU6SsaoaswQagwNDGCKTAgaVFsLAD9BIpc:1kb3pS:aJbyluwKyBD7Hx_CnoCPNB7xWvgrwyndjhvHmB7Z-24", "expire_date": "2020-11-20T15:39:06.016Z"}}, {"model": "sessions.session", "pk": "9vn7vrk9i934pvd2wgjr9q55i6uv7jvv", "fields": {"session_data": "eyJjYXJ0Ijp7IjMiOnsicXVhbnRpdHkiOjUsInByaWNlIjoiMTAwMC4wMCJ9fX0:1krHpo:laG4cc29O7QiSM0RnGDoFtUf81VhEso6EwGZ2_GnNl0", "expire_date": "2021-01-04T09:50:32.806Z"}}, {"model": "sessions.session", "pk": "jkvtpfoddgoccive3uwi223yrz2gbebc", "fields": {"session_data": ".eJxVjEEOwiAQRe_C2pBp61Bw6d4zEIZhpGogKe3KeHfbpAvd_vfefysf1iX7taXZT6wuqlen341CfKayA36Ecq861rLME-ld0Qdt-lY5va6H-3eQQ8tbHUK07GAU4WGIiY0wWLCmQ06C4oAHsoTIncGzIxmFIm6OsQZsD6w-XxGKOKU:1l6yun:zo_WAPex7UfsYQ6bpWHUfE5NsT6iJZYYiyg1r3xvASk", "expire_date": "2021-02-16T16:52:33.300Z"}}, {"model": "sessions.session", "pk": "lj38q56dg6sw7os69hc2j1m4evfcgfre", "fields": {"session_data": "eyJjYXJ0Ijp7fX0:1l6yjE:zHuMjr7SuWUXpor95OnKAeGz5c6Vi_v-PdS9xQMBJKM", "expire_date": "2021-02-16T16:40:36.782Z"}}, {"model": "sessions.session", "pk": "qstobyf01qwn6h4wsdhiztimfe4do3oa", "fields": {"session_data": ".eJxdzkkOgzAMBdC7eI0iZyAJLLvvGZAzFdoKWgiLCnH3glqpw8YL_-cvL9DQnNtmnuLYdAFq4FB87xz5S-z3IJypPw3MD30eO8d2wt7pxI5DiNfD2_4UtDS127VNWFZOktbJyCSjVUJp4YhzL6UhZ5CcQsUtpWSMEBVqCrHSFg0GK-VW6mnMUC8g93Gfqc9dfkDNRQG3sfNxfx4RGSKsBag_9UGifJl1fQKQf07d:1kb1Z9:JfCT9y7sNtEKo0lnY8kf7La1SAbmatXBcSNplZnn7cA", "expire_date": "2020-11-20T13:14:07.829Z"}}, {"model": "database.branza", "pk": 1, "fields": {"branza": "Lotnictwo"}}, {"model": "database.branza", "pk": 2, "fields": {"branza": "Motoryzacja"}}, {"model": "database.branza", "pk": 3, "fields": {"branza": "Produkcja"}}, {"model": "database.branza", "pk": 4, "fields": {"branza": "Fotowoltaika"}}, {"model": "database.branza", "pk": 5, "fields": {"branza": "Budowa maszyn"}}, {"model": "database.branza", "pk": 6, "fields": {"branza": "Kosmos"}}, {"model": "database.branza", "pk": 7, "fields": {"branza": "Budownictwo"}}, {"model": "database.branza", "pk": 8, "fields": {"branza": "Automatyka przemyslowa"}}, {"model": "database.branza", "pk": 9, "fields": {"branza": "Robotyka"}}, {"model": "database.branza", "pk": 10, "fields": {"branza": "Digital"}}, {"model": "database.branza", "pk": 11, "fields": {"branza": "--Wszystkie---"}}, {"model": "database.branza_sub", "pk": 1, "fields": {"branza_sub": "Projektowanie"}}, {"model": "database.branza_sub", "pk": 2, "fields": {"branza_sub": "Serwis"}}, {"model": "database.branza_sub", "pk": 3, "fields": {"branza_sub": "Satelity"}}, {"model": "database.branza_sub", "pk": 4, "fields": {"branza_sub": "Konstrukcje"}}, {"model": "database.branza_sub", "pk": 5, "fields": {"branza_sub": "IT"}}, {"model": "database.branza_sub", "pk": 6, "fields": {"branza_sub": "Ceramika"}}, {"model": "database.branza_sub", "pk": 7, "fields": {"branza_sub": "Akumulatory"}}, {"model": "database.branza_sub", "pk": 8, "fields": {"branza_sub": "3D druk"}}, {"model": "database.branza_sub", "pk": 9, "fields": {"branza_sub": "Samochody"}}, {"model": "database.branza_sub", "pk": 10, "fields": {"branza_sub": "Autobusy"}}, {"model": "database.kraj", "pk": 1, "fields": {"kraj": "Polska"}}, {"model": "database.kraj", "pk": 2, "fields": {"kraj": "Niemcy"}}, {"model": "database.kraj", "pk": 3, "fields": {"kraj": "--Wszystkie--"}}, {"model": "database.miasto", "pk": 1, "fields": {"miasto": "Warszawa"}}, {"model": "database.miasto", "pk": 2, "fields": {"miasto": "Rzeszow"}}, {"model": "database.miasto", "pk": 3, "fields": {"miasto": "Grodzisk Mazowiecki"}}, {"model": "database.miasto", "pk": 4, "fields": {"miasto": "Olsztyn"}}, {"model": "database.miasto", "pk": 5, "fields": {"miasto": "Krakow"}}, {"model": "database.miasto", "pk": 6, "fields": {"miasto": "Tarnow"}}, {"model": "database.miasto", "pk": 7, "fields": {"miasto": "Gostyn"}}, {"model": "database.miasto", "pk": 8, "fields": {"miasto": "Gliwice"}}, {"model": "database.miasto", "pk": 9, "fields": {"miasto": "Stuttgart"}}, {"model": "database.miasto", "pk": 10, "fields": {"miasto": "Katowice"}}, {"model": "database.miasto", "pk": 11, "fields": {"miasto": "Wronki"}}, {"model": "database.miasto", "pk": 12, "fields": {"miasto": "Poznan"}}, {"model": "database.miasto", "pk": 13, "fields": {"miasto": "Grojec"}}, {"model": "database.lista", "pk": 1, "fields": {"nazwa": "EDC", "miasto": 1, "kraj": 1, "branza": 1, "sub_branza": 1, "wyskosc": 52.179149, "szerokosc": 20.948147, "logo": "database/logos/EDC.png", "strona": "https://edc.pl/"}}, {"model": "database.lista", "pk": 2, "fields": {"nazwa": "MTU Aero Engines Polska", "miasto": 2, "kraj": 1, "branza": 1, "sub_branza": 1, "wyskosc": 50.120193, "szerokosc": 22.025169, "logo": "database/logos/MTU.png", "strona": "https://www.mtu.de/"}}, {"model": "database.lista", "pk": 3, "fields": {"nazwa": "UTC Collins Aerospace", "miasto": 2, "kraj": 1, "branza": 1, "sub_branza": 1, "wyskosc": 50.12205, "szerokosc": 22.026401, "logo": "database/logos/UTC.png", "strona": "https://www.collinsaerospace.com/"}}, {"model": "database.lista", "pk": 4, "fields": {"nazwa": "BORGWARNER", "miasto": 2, "kraj": 1, "branza": 1, "sub_branza": 1, "wyskosc": 50.116726, "szerokosc": 22.033654, "logo": "database/logos/Borgwagner.png", "strona": "https://www.borgwarner.com/"}}, {"model": "database.lista", "pk": 5, "fields": {"nazwa": "EME Aero", "miasto": 2, "kraj": 1, "branza": 1, "sub_branza": 2, "wyskosc": 50.122408, "szerokosc": 22.037987, "logo": "database/logos/EME.jpg", "strona": "http://eme-aero.com/"}}, {"model": "database.lista", "pk": 6, "fields": {"nazwa": "Danfoss", "miasto": 3, "kraj": 1, "branza": 3, "sub_branza": 1, "wyskosc": 52.11970368068831, "szerokosc": 20.627109306154583, "logo": "database/logos/Danfoss.png", "strona": "https://www.danfoss.com/"}}, {"model": "database.lista", "pk": 7, "fields": {"nazwa": "Instytut Lotnictwa", "miasto": 1, "kraj": 1, "branza": 1, "sub_branza": 1, "wyskosc": 52.179272781034065, "szerokosc": 20.94977122709308, "logo": "database/logos/ilot.png", "strona": "https://ilot.lukasiewicz.gov.pl/"}}, {"model": "database.lista", "pk": 8, "fields": {"nazwa": "CORAB SP. Z O.O.", "miasto": 4, "kraj": 1, "branza": 4, "sub_branza": 1, "wyskosc": 53.79071169083775, "szerokosc": 20.486124483195837, "logo": "database/logos/corab.png", "strona": "https://corab.pl/"}}, {"model": "database.lista", "pk": 9, "fields": {"nazwa": "TRUMPF Polska", "miasto": 1, "kraj": 1, "branza": 5, "sub_branza": 1, "wyskosc": 52.215408870493135, "szerokosc": 20.887134920387965, "logo": "database/logos/trumpf.png", "strona": "https://www.trumpf.com/"}}, {"model": "database.lista", "pk": 10, "fields": {"nazwa": "Progresja Space", "miasto": 5, "kraj": 1, "branza": 6, "sub_branza": 3, "wyskosc": 49.99530720268256, "szerokosc": 19.8503046337993, "logo": "database/logos/progresja.jpg", "strona": "http://progresja.space/"}}, {"model": "database.lista", "pk": 11, "fields": {"nazwa": "Blech-Stal", "miasto": 6, "kraj": 1, "branza": 7, "sub_branza": 4, "wyskosc": 49.99591061806005, "szerokosc": 20.93734876077027, "logo": "database/logos/blech-stal.png", "strona": "http://www.blechstal.com.pl/"}}, {"model": "database.lista", "pk": 12, "fields": {"nazwa": "Reting", "miasto": 7, "kraj": 1, "branza": 8, "sub_branza": 1, "wyskosc": 51.84756982788221, "szerokosc": 17.008582790828402, "logo": "database/logos/Reting.png", "strona": "https://www.retnig.pl/"}}, {"model": "database.lista", "pk": 13, "fields": {"nazwa": "ABB", "miasto": 1, "kraj": 1, "branza": 9, "sub_branza": 1, "wyskosc": 52.2098589736197, "szerokosc": 21.168894247208577, "logo": "database/logos/ABB.png", "strona": "https://new.abb.com/"}}, {"model": "database.lista", "pk": 14, "fields": {"nazwa": "Fujitsu", "miasto": 1, "kraj": 1, "branza": 10, "sub_branza": 5, "wyskosc": 52.2098589736197, "szerokosc": 21.168894247208577, "logo": "database/logos/Fuijitsu.jpg", "strona": "https://www.fujitsu.com/"}}, {"model": "database.lista", "pk": 15, "fields": {"nazwa": "NGK Ceramics", "miasto": 8, "kraj": 1, "branza": 3, "sub_branza": 6, "wyskosc": 50.32484692373002, "szerokosc": 18.597709991482834, "logo": "database/logos/ngk.png", "strona": "https://www.ngk.com.pl/"}}, {"model": "database.lista", "pk": 16, "fields": {"nazwa": "Autopart", "miasto": 1, "kraj": 1, "branza": 3, "sub_branza": 7, "wyskosc": 50.302105708797434, "szerokosc": 21.469526451692385, "logo": "database/logos/autopart.jpg", "strona": "https://www.autopart.pl/"}}, {"model": "database.lista", "pk": 17, "fields": {"nazwa": "http://en.farsoon.com/", "miasto": 9, "kraj": 2, "branza": 5, "sub_branza": 8, "wyskosc": 48.74120693523606, "szerokosc": 9.11075746875973, "logo": "database/logos/farsoon.png", "strona": "http://en.farsoon.com/"}}, {"model": "database.lista", "pk": 18, "fields": {"nazwa": "Rockwell Automation", "miasto": 1, "kraj": 1, "branza": 8, "sub_branza": 1, "wyskosc": 52.26077742863557, "szerokosc": 20.96286205789775, "logo": "database/logos/rockwellautomation.png", "strona": "https://www.rockwellautomation.com/"}}, {"model": "database.lista", "pk": 19, "fields": {"nazwa": "Bamet", "miasto": 5, "kraj": 1, "branza": 5, "sub_branza": 1, "wyskosc": 50.157875316767985, "szerokosc": 19.842402812197534, "logo": "database/logos/bamet.jpg", "strona": "http://bamet.pl/"}}, {"model": "database.lista", "pk": 20, "fields": {"nazwa": "Nexa", "miasto": 10, "kraj": 1, "branza": 8, "sub_branza": 1, "wyskosc": 50.45512191731442, "szerokosc": 18.86822061842996, "logo": "database/logos/nexa.png", "strona": "https://nexa-tech.pl/"}}, {"model": "database.lista", "pk": 21, "fields": {"nazwa": "Spomasz - Wronki", "miasto": 11, "kraj": 1, "branza": 5, "sub_branza": 1, "wyskosc": 52.705351896646775, "szerokosc": 16.3736929897198, "logo": "database/logos/spomasz.jpg", "strona": "http://spomasz-wronki.com.pl/"}}, {"model": "database.lista", "pk": 22, "fields": {"nazwa": "Exide Technologies", "miasto": 12, "kraj": 1, "branza": 3, "sub_branza": 7, "wyskosc": 52.548817403324755, "szerokosc": 17.03877102326894, "logo": "database/logos/exide.png", "strona": "https://www.exide.com/"}}, {"model": "database.lista", "pk": 23, "fields": {"nazwa": "Faurecia", "miasto": 13, "kraj": 1, "branza": 2, "sub_branza": 1, "wyskosc": 51.88401408571788, "szerokosc": 20.859276676196593, "logo": "database/logos/faurecja.png", "strona": "https://karierafaurecia.pl/"}}, {"model": "database.lista", "pk": 24, "fields": {"nazwa": "VW", "miasto": 12, "kraj": 1, "branza": 2, "sub_branza": 9, "wyskosc": 52.30074071326507, "szerokosc": 17.51833802128346, "logo": "database/logos/vw.jpg", "strona": "https://www.volkswagen-poznan.pl/"}}, {"model": "database.lista", "pk": 25, "fields": {"nazwa": "Solaris", "miasto": 12, "kraj": 1, "branza": 2, "sub_branza": 10, "wyskosc": 52.23236935353925, "szerokosc": 17.252907865903495, "logo": "database/logos/solaris.png", "strona": "https://www.solarisbus.com/"}}]